Workbook

Sheet JobBoard
A1: 求职看板｜AI Agent 开发实习 + AI 产品 / 技术产品实习
A2: 填写方法：从第 8 行开始，每一行对应一个岗位；蓝字列为你手动填写，黑字列为自动计算。建议每天更新“当前状态 / 最新进展日期 / 下一步动作”。
B4: 总岗位数 | D4: 待投递 | F4: 进行中 | H4: Offer | J4: 已拒 | L4: P1岗位 | N4: 本周待跟进
B5: =COUNTA(B8:B307) | D5: =COUNTIF(O8:O307,"待投递") | F5: =COUNTIF(O8:O307,"已投递")+COUNTIF(O8:O307,"笔试中")+COUNTIF(O8:O307,"一面")+COUNTIF(O8:O307,"二面")+COUNTIF(O8:O307,"三面+")+COUNTIF(O8:O307,"HR面")+COUNTIF(O8:O307,"无回复")+COUNTIF(O8:O307,"人才库") | H5: =COUNTIF(O8:O307,"Offer") | J5: =COUNTIF(O8:O307,"已拒") | L5: =COUNTIF(N8:N307,"P1") | N5: =COUNTIFS(S8:S307,">="&TODAY(),S8:S307,"<="&TODAY()+7)
A7: 编号 | B7: 公司 | C7: 岗位名称 | D7: 岗位类别 | E7: 方向 | F7: 城市/办公形式 | G7: JD链接 | H7: 来源渠道 | I7: 投递日期 | J7: 截止日期 | K7: 简历版本 | L7: 是否定制 | M7: 关键词命中度 | N7: 优先级 | O7: 当前状态 | P7: 最新进展日期 | Q7: 距上次进展(天) | R7: 下一步动作 | S7: 下一步截止 | T7: 面试轮次 | U7: 笔试情况 | V7: 联系人/内推 | W7: 匹配度(1-5) | X7: 风险/挂点 | Y7: 复盘总结
A8: =IF(B8="","",ROW()-7) | B8: 模板适配测试公司 | C8: AI Agent 开发实习生 | D8: 开发 | E8: AI Agent 开发 | F8: 上海 | G8: https://example.com/test | H8: 官网 | I8: 2026-03-25 | L8: 是 | M8: 中 | N8: P1 | O8: 待投递 | Q8: =IF(P8="","",TODAY()-P8) | X8: 测试差距 | Y8: 测试备注
A9: =IF(B9="","",ROW()-7) | Q9: =IF(P9="","",TODAY()-P9)
A10: =IF(B10="","",ROW()-7) | Q10: =IF(P10="","",TODAY()-P10)
A11: =IF(B11="","",ROW()-7) | Q11: =IF(P11="","",TODAY()-P11)
A12: =IF(B12="","",ROW()-7) | Q12: =IF(P12="","",TODAY()-P12)
A13: =IF(B13="","",ROW()-7) | Q13: =IF(P13="","",TODAY()-P13)
A14: =IF(B14="","",ROW()-7) | Q14: =IF(P14="","",TODAY()-P14)
A15: =IF(B15="","",ROW()-7) | Q15: =IF(P15="","",TODAY()-P15)
A16: =IF(B16="","",ROW()-7) | Q16: =IF(P16="","",TODAY()-P16)
A17: =IF(B17="","",ROW()-7) | Q17: =IF(P17="","",TODAY()-P17)
A18: =IF(B18="","",ROW()-7) | Q18: =IF(P18="","",TODAY()-P18)
A19: =IF(B19="","",ROW()-7) | Q19: =IF(P19="","",TODAY()-P19)
A20: =IF(B20="","",ROW()-7) | Q20: =IF(P20="","",TODAY()-P20)
... A307: =IF(B307="","",ROW()-7) | Q307: =IF(P307="","",TODAY()-P307)

Sheet Options
A1: 岗位类别 | B1: 方向 | C1: 来源渠道 | D1: 简历版本 | E1: 是否定制 | F1: 关键词命中度 | G1: 优先级 | H1: 当前状态 | I1: 笔试情况 | J1: 匹配度 | K1: 面试轮次
A2: AI Agent 开发实习 | B2: 开发 | C2: Boss直聘 | D2: 开发版 | E2: 是 | F2: 高 | G2: P1 | H2: 待投递 | I2: 未开始 | J2: 1 | K2: 0
A3: AI 应用开发实习 | B3: 产品 | C3: 实习僧 | D3: 产品版 | E3: 否 | F3: 中 | G3: P2 | H3: 已投递 | I3: 已完成 | J3: 2 | K3: 1
A4: AI 产品经理实习 | B4: 双向皆可 | C4: 猎聘 | D4: 通用版 | F4: 低 | G4: P3 | H4: 笔试中 | I4: 通过 | J4: 3 | K4: 2
A5: 技术产品实习 | C5: 官网 | D5: 待重写 | H5: 一面 | I5: 未通过 | J5: 4 | K5: 3
A6: 其他 | C6: 公众号 | H6: 二面 | I6: 不涉及 | J6: 5 | K6: 4+
C7: 内推 | H7: 三面+
C8: 学长学姐 | H8: HR面
C9: 其他 | H9: Offer
H10: 已拒
H11: 无回复
H12: 人才库

Sheet Dashboard
A1: 数据概览（自动统计）
A3: 总岗位数 | B3: =COUNTA(JobBoard!B8:B307) | C3: 待投递 | D3: =COUNTIF(JobBoard!O8:O307,"待投递") | E3: 进行中 | F3: =COUNTIF(JobBoard!O8:O307,"已投递")+COUNTIF(JobBoard!O8:O307,"笔试中")+COUNTIF(JobBoard!O8:O307,"一面")+COUNTIF(JobBoard!O8:O307,"二面")+COUNTIF(JobBoard!O8:O307,"三面+")+COUNTIF(JobBoard!O8:O307,"HR面")+COUNTIF(JobBoard!O8:O307,"无回复")+COUNTIF(JobBoard!O8:O307,"人才库") | G3: Offer | H3: =COUNTIF(JobBoard!O8:O307,"Offer")
A7: 按状态统计 | D7: 按方向统计 | G7: 按来源渠道统计
A8: 待投递 | B8: =COUNTIF(JobBoard!$O$8:$O$307,A8) | D8: 开发 | E8: =COUNTIF(JobBoard!$E$8:$E$307,D8) | G8: Boss直聘 | H8: =COUNTIF(JobBoard!$H$8:$H$307,G8)
A9: 已投递 | B9: =COUNTIF(JobBoard!$O$8:$O$307,A9) | D9: 产品 | E9: =COUNTIF(JobBoard!$E$8:$E$307,D9) | G9: 实习僧 | H9: =COUNTIF(JobBoard!$H$8:$H$307,G9)
A10: 笔试中 | B10: =COUNTIF(JobBoard!$O$8:$O$307,A10) | D10: 双向皆可 | E10: =COUNTIF(JobBoard!$E$8:$E$307,D10) | G10: 猎聘 | H10: =COUNTIF(JobBoard!$H$8:$H$307,G10)
A11: 一面 | B11: =COUNTIF(JobBoard!$O$8:$O$307,A11) | G11: 官网 | H11: =COUNTIF(JobBoard!$H$8:$H$307,G11)
A12: 二面 | B12: =COUNTIF(JobBoard!$O$8:$O$307,A12) | G12: 公众号 | H12: =COUNTIF(JobBoard!$H$8:$H$307,G12)
A13: 三面+ | B13: =COUNTIF(JobBoard!$O$8:$O$307,A13) | G13: 内推 | H13: =COUNTIF(JobBoard!$H$8:$H$307,G13)
A14: HR面 | B14: =COUNTIF(JobBoard!$O$8:$O$307,A14) | G14: 学长学姐 | H14: =COUNTIF(JobBoard!$H$8:$H$307,G14)
A15: Offer | B15: =COUNTIF(JobBoard!$O$8:$O$307,A15) | G15: 其他 | H15: =COUNTIF(JobBoard!$H$8:$H$307,G15)
A16: 已拒 | B16: =COUNTIF(JobBoard!$O$8:$O$307,A16)
A17: 无回复 | B17: =COUNTIF(JobBoard!$O$8:$O$307,A17)
A18: 人才库 | B18: =COUNTIF(JobBoard!$O$8:$O$307,A18)
A21: 高优先级（P1）岗位 | B21: =COUNTIF(JobBoard!$N$8:$N$307,"P1") | D21: 本周待跟进 | E21: =COUNTIFS(JobBoard!$S$8:$S$307,">="&TODAY(),JobBoard!$S$8:$S$307,"<="&TODAY()+7) | G21: 平均匹配度 | H21: =IFERROR(AVERAGE(JobBoard!$W$8:$W$307),"")

Sheet Guide
A1: 求职看板使用说明
A3: 字段 | B3: 是否必填 | C3: 怎么填 | D3: 备注
A4: 公司 | B4: 是 | C4: 填写公司全名或常用简称。 | D4: 建议和 JD 链接一起保存。
A5: 岗位名称 | B5: 是 | C5: 尽量写全名，便于后续搜索。 | D5: 例如“AI Agent 开发实习生”。
A6: 岗位类别 | B6: 是 | C6: 统一用三类：AI Agent 开发 / AI 产品经理 / 技术产品。 | D6: 便于统计方向。
A7: 方向 | B7: 是 | C7: 开发 / 产品 / 双向皆可。 | D7: 用于双线求职区分。
A8: JD链接 | B8: 建议 | C8: 粘贴职位页面链接。 | D8: 后续复盘最有用。
A9: 简历版本 | B9: 建议 | C9: 开发版 / 产品版 / 通用版。 | D9: 追踪哪版命中更高。
A10: 关键词命中度 | B10: 建议 | C10: 主观判断高/中/低。 | D10: 看你的简历是否对上 JD。
A11: 优先级 | B11: 是 | C11: P1 / P2 / P3。 | D11: P1 优先投和优先跟。
A12: 当前状态 | B12: 是 | C12: 尽量每次更新后都改。 | D12: 统计表依赖这一列。
A13: 最新进展日期 | B13: 建议 | C13: 收到笔试/约面/拒信就更新。 | D13: 自动计算距离天数。
A14: 下一步动作 | B14: 建议 | C14: 例如：补测评 / 改简历 / 等待一面。 | D14: 避免遗漏。
... A17: 复盘总结 | B17: 建议 | C17: 面试后记录问题与改进。 | D17: 长期最有价值。
